,B,C,D,E,F,G,H,I,J,K,L
,,,,,,,,,,,
,SENSITIVITY & SCENARIO ANALYSIS,,,,,,,,,
,All figures in ₹ Lakhs (Indian Format),,,,,,,,,
,,,,,,,,,,,
,═══════════════════════════════════════════════════════════════════,,,,,,,,,
,SECTION 1: REVENUE SENSITIVITY,,,,,,,,,
,═══════════════════════════════════════════════════════════════════,,,,,,,,,
,,,,,,,,,,,
,Impact on Year 5 Net Profit (Base: ₹ 4.76 Lakhs),,,,,,,,,
,,,,,,,,,,,
,Revenue Change:,,-20%,-10%,-5%,Base,+5%,+10%,+20%,,
,Year 5 Revenue,,62.78,70.63,74.56,78.48,82.40,86.33,94.18,,
,Year 5 Net Profit,,1.95,3.35,4.06,4.76,5.47,6.17,7.58,,
,Change from Base,,-59%,-30%,-15%,0%,+15%,+30%,+59%,,
,,,,,,,,,,,
,═══════════════════════════════════════════════════════════════════,,,,,,,,,
,SECTION 2: COST SENSITIVITY,,,,,,,,,
,═══════════════════════════════════════════════════════════════════,,,,,,,,,
,,,,,,,,,,,
,Raw Material Cost (% of Revenue),,,,,,,,,
,RM Cost:,,35%,38%,40%,42%,45%,,,
,Net Profit Y5,,6.32,5.54,4.76,3.98,2.81,,,
,Change,,+33%,+16%,Base,-16%,-41%,,,
,,,,,,,,,,,
,Fixed Cost Sensitivity,,,,,,,,,
,Fixed Cost Change:,,-10%,-5%,Base,+5%,+10%,+20%,,
,Net Profit Y5,,5.64,5.20,4.76,4.32,3.88,3.00,,
,Change,,+18%,+9%,Base,-9%,-18%,-37%,,
,,,,,,,,,,,
,═══════════════════════════════════════════════════════════════════,,,,,,,,,
,SECTION 3: INTEREST RATE SENSITIVITY,,,,,,,,,
,═══════════════════════════════════════════════════════════════════,,,,,,,,,
,,,,,,,,,,,
,Interest Rate:,,10%,11%,12%,13%,14%,15%,,
,Total Interest (5 Yr),,6.45,7.10,7.74,8.39,9.03,9.68,,
,Total Net Profit (5 Yr),,8.17,7.69,7.21,6.73,6.25,5.77,,
,Impact on NPV,,+2.1,+1.0,Base,-1.0,-2.1,-3.2,,
,,,,,,,,,,,
,═══════════════════════════════════════════════════════════════════,,,,,,,,,
,SECTION 4: TWO-WAY SENSITIVITY (Data Table),,,,,,,,,
,═══════════════════════════════════════════════════════════════════,,,,,,,,,
,,,,,,,,,,,
,NPV SENSITIVITY: Revenue Growth vs WACC,,,,,,,,,
,,,,,,,,,,,
,NPV (₹ Lakhs),,WACC →,,,,,,,,
,Revenue Growth ↓,,10%,11%,12%,12.8%,14%,15%,16%,,
,0%,,25.4,22.1,19.2,17.0,14.3,12.0,10.0,,
,2%,,32.8,28.5,24.8,22.0,18.5,15.6,13.1,,
,4% (Base),,43.5,37.8,32.9,29.2,24.5,20.7,17.4,,
,6%,,58.0,50.2,43.6,38.7,32.4,27.4,23.0,,
,8%,,78.1,67.3,58.3,51.6,43.1,36.3,30.5,,
,,,,,,,,,,,
,EBITDA MARGIN vs TERMINAL GROWTH (Enterprise Value),,,,,,,,,
,,,,,,,,,,,
,EV (₹ Lakhs),,Terminal Growth →,,,,,,,,
,EBITDA Margin ↓,,2%,3%,4%,5%,6%,,,
,8%,,31.2,34.5,38.9,45.0,54.0,,,
,10%,,38.5,42.6,48.1,55.6,66.7,,,
,12% (Base),,45.8,50.7,57.3,66.2,79.5,,,
,14%,,53.1,58.8,66.4,76.8,92.2,,,
,16%,,60.4,66.9,75.6,87.4,104.9,,,
,,,,,,,,,,,
,═══════════════════════════════════════════════════════════════════,,,,,,,,,
,SECTION 5: SCENARIO ANALYSIS,,,,,,,,,
,═══════════════════════════════════════════════════════════════════,,,,,,,,,
,,,,,,,,,,,
,PARAMETER,,Worst Case,Conservative,Base Case,Optimistic,Best Case,,
,,,,,,,,,,,
,ASSUMPTIONS:,,,,,,,,,
,Revenue Growth (Avg),,5%,8%,12%,15%,18%,,
,Gross Margin,,40%,43%,45%,47%,50%,,
,Fixed Cost Increase,,10%,7%,5%,3%,2%,,
,Interest Rate,,14%,13%,12%,11%,10%,,
,Tax Rate,,30%,28%,26%,25%,25%,,
,,,,,,,,,,,
,RESULTS (Year 5):,,,,,,,,,
,Revenue,,65.8,72.0,78.5,85.2,92.1,,
,EBITDA,,4.2,6.8,9.5,12.5,16.0,,
,Net Profit,,0.8,2.5,4.8,7.2,10.1,,
,EBITDA Margin,,6.4%,9.4%,12.1%,14.7%,17.4%,,
,Net Profit Margin,,1.2%,3.5%,6.1%,8.5%,11.0%,,
,,,,,,,,,,,
,CUMULATIVE (5 Years):,,,,,,,,,
,Total Revenue,,285,305,325,350,380,,
,Total EBITDA,,18,25,33,42,54,,
,Total Net Profit,,-2,2,7,14,22,,
,,,,,,,,,,,
,VALUATION:,,,,,,,,,
,Enterprise Value,,28,38,47,62,82,,
,Equity Value,,11,21,30,45,65,,
,Value per Share (₹),,7.3,14.0,20.0,30.0,43.3,,
,,,,,,,,,,,
,PROBABILITY:,,,,,,,,,
,Assigned Weight,,10%,20%,40%,20%,10%,,
,Weighted Value,,1.1,4.2,12.0,9.0,6.5,,
,Expected Value (₹ per share),,₹ 32.80,,,,,,,
,,,,,,,,,,,
,═══════════════════════════════════════════════════════════════════,,,,,,,,,
,SECTION 6: BREAK-EVEN ANALYSIS,,,,,,,,,
,═══════════════════════════════════════════════════════════════════,,,,,,,,,
,,,,,,,,,,,
,OPERATING BREAK-EVEN (Year 5),,,,,,,,,
,Fixed Costs,,19.66,Lakhs,,,,,
,Contribution Margin,,40%,of Revenue,,,,,
,Break-Even Revenue,,49.15,Lakhs,,,,,
,Actual Revenue,,78.48,Lakhs,,,,,
,Margin of Safety,,37%,,(Actual-BE)/Actual,,,,
,,,,,,,,,,,
,CASH BREAK-EVEN,,,,,,,,,
,Fixed Costs (excl. Dep),,17.78,Lakhs,,,,,
,Contribution Margin,,40%,of Revenue,,,,,
,Cash Break-Even,,44.45,Lakhs,,,,,
,,,,,,,,,,,
,DEBT SERVICE BREAK-EVEN,,,,,,,,,
,Fixed Costs + Debt Service,,25.23,Lakhs,,,,,
,Contribution Margin,,40%,of Revenue,,,,,
,Break-Even for Debt Service,,63.08,Lakhs,,,,,
,,,,,,,,,,,
